1,Eastbound
10,Eastbound
101,Westbound
102,Southbound
103,Northbound
104,Westbound
105,Westbound
106,Westbound
107,Westbound
108,Southbound
109,Southbound
11,Eastbound
110,Westbound
111,Westbound
112,Westbound
113,Westbound
114,Westbound
115,Westbound
116,Southbound
117,Northbound
118,Northbound
119,Westbound
12,Eastbound
120,Westbound
123,Westbound
124,Westbound
125,Westbound
126,Westbound
127,Eastbound
128,Westbound
129,Southbound
13,Eastbound
130,Northbound
131,Westbound
132,Northbound
133,Eastbound
139,Northbound
14,Eastbound
15,Westbound
150,Eastbound
15B,Westbound
16,Southbound
17,Northbound
18,Eastbound
19,Eastbound
2,Southbound
20,Eastbound
201,Eastbound
204,Westbound
205,Northbound
206,Westbound
21,Eastbound
22,Northbound
23,Southbound
24,Northbound
25,Northbound
26,Eastbound
27,Southbound
28,Westbound
29,Eastbound
3,Westbound
30,Eastbound
31,Eastbound
310,Southbound
32,Southbound
33,Southbound
34,Eastbound
35,Southbound
36,Eastbound
37,Westbound
38,Southbound
39,Eastbound
4,Southbound
40,Eastbound
42,Eastbound
43,Eastbound
44,Eastbound
46,Southbound
47,Southbound
47M,Northbound
48,Southbound
5,Southbound
50,Eastbound
52,Southbound
53,Westbound
54,Eastbound
55,Northbound
56,Westbound
57,Southbound
58,Eastbound
59,Northbound
6,Southbound
60,Westbound
61,Southbound
62,Southbound
64,Westbound
65,Eastbound
66,Westbound
67,Eastbound
68,Westbound
7,Southbound
70,Eastbound
73,Northbound
75,Westbound
77,Eastbound
78,Westbound
79,Eastbound
8,Westbound
80,Northbound
84,Northbound
88,Northbound
89,Westbound
9,Southbound
90,Eastbound
91,Northbound
92,Eastbound
93,Westbound
94,Northbound
95,Westbound
96,Northbound
97,Eastbound
98,Eastbound
99,Westbound
BSO,Southbound
BSS,Southbound
G,Westbound
H,Southbound
J,Westbound
K,Westbound
L,Westbound
LUCYGO,Southbound
LUCYGR,Southbound
MFL,Eastbound
MFO,Eastbound
NHSL,Northbound
R,Westbound
XH,Southbound
